producto_id,monto_sum,monto_mean,monto_min,monto_max,monto_count,cantidad_sum,cantidad_mean
1,7694.83,480.926875,13.14,1206.27,16,161,10.0625
2,10048.54,558.2522222222223,21.79,1260.45,18,205,11.38888888888889
3,13251.42,552.1425,107.34,1241.76,24,250,10.416666666666666
4,11982.04,599.1020000000001,65.66,1448.32,20,224,11.2
5,10273.6,466.9818181818182,43.58,1437.3,22,204,9.272727272727273
